{
	"credit": "Made with Blockbench",
	"parent": "glass_bottle",
	"textures": {
		"0": "item/texture",
		"1": "item/texture2",
		"6": "item/light_blue_stained_glas",
		"8": "item/brown_concret",
		"particle": "item/texture"
	},
	"elements": [
		{
			"from": [10, 18, 5],
			"to": [11, 20, 11],
			"rotation": {"angle": 0, "axis": "y", "origin": [21, 26, 16]},
			"faces": {
				"north": {"uv": [6, 7, 7, 9], "texture": "#6"},
				"east": {"uv": [4, 6, 10, 8], "texture": "#6"},
				"south": {"uv": [6, 6, 7, 8], "texture": "#6"},
				"west": {"uv": [5, 5, 11, 7], "texture": "#6"},
				"up": {"uv": [7, 5, 8, 11], "texture": "#6"},
				"down": {"uv": [8, 5, 9, 11], "texture": "#6"}
			}
		},
		{
			"from": [6, 18, 5],
			"to": [10, 20, 6],
			"rotation": {"angle": 0, "axis": "y", "origin": [16, 26, 16]},
			"faces": {
				"north": {"uv": [6, 7, 7, 9], "texture": "#6"},
				"east": {"uv": [4, 6, 10, 8], "texture": "#6"},
				"south": {"uv": [6, 6, 7, 8], "texture": "#6"},
				"west": {"uv": [5, 5, 11, 7], "texture": "#6"},
				"up": {"uv": [7, 5, 8, 11], "texture": "#6"},
				"down": {"uv": [8, 5, 9, 11], "texture": "#6"}
			}
		},
		{
			"from": [6, 18, 10],
			"to": [10, 20, 11],
			"rotation": {"angle": 0, "axis": "y", "origin": [16, 26, 21]},
			"faces": {
				"north": {"uv": [6, 7, 7, 9], "texture": "#6"},
				"east": {"uv": [4, 6, 10, 8], "texture": "#6"},
				"south": {"uv": [6, 6, 7, 8], "texture": "#6"},
				"west": {"uv": [5, 5, 11, 7], "texture": "#6"},
				"up": {"uv": [7, 5, 8, 11], "texture": "#6"},
				"down": {"uv": [8, 5, 9, 11], "texture": "#6"}
			}
		},
		{
			"from": [5, 18, 5],
			"to": [6, 20, 11],
			"rotation": {"angle": 0, "axis": "y", "origin": [16, 26, 16]},
			"faces": {
				"north": {"uv": [6, 7, 7, 9], "texture": "#6"},
				"east": {"uv": [4, 6, 10, 8], "texture": "#6"},
				"south": {"uv": [6, 6, 7, 8], "texture": "#6"},
				"west": {"uv": [5, 5, 11, 7], "texture": "#6"},
				"up": {"uv": [7, 5, 8, 11], "texture": "#6"},
				"down": {"uv": [8, 5, 9, 11], "texture": "#6"}
			}
		},
		{
			"from": [12, 3, 5],
			"to": [13, 18, 11],
			"rotation": {"angle": 0, "axis": "y", "origin": [20, 8, 18]},
			"faces": {
				"north": {"uv": [6, 7, 7, 9], "texture": "#6"},
				"east": {"uv": [4, 6, 10, 8], "texture": "#6"},
				"south": {"uv": [6, 6, 7, 8], "texture": "#6"},
				"west": {"uv": [5, 5, 11, 7], "texture": "#6"},
				"up": {"uv": [7, 5, 8, 11], "texture": "#6"},
				"down": {"uv": [8, 5, 9, 11], "texture": "#6"}
			}
		},
		{
			"from": [3, 3, 5],
			"to": [4, 18, 11],
			"rotation": {"angle": 0, "axis": "y", "origin": [11, 8, 18]},
			"faces": {
				"north": {"uv": [6, 7, 7, 9], "texture": "#6"},
				"east": {"uv": [4, 6, 10, 8], "texture": "#6"},
				"south": {"uv": [6, 6, 7, 8], "texture": "#6"},
				"west": {"uv": [5, 5, 11, 7], "texture": "#6"},
				"up": {"uv": [7, 5, 8, 11], "texture": "#6"},
				"down": {"uv": [8, 5, 9, 11], "texture": "#6"}
			}
		},
		{
			"from": [5, 3, 12],
			"to": [11, 18, 13],
			"rotation": {"angle": 0, "axis": "y", "origin": [13, 8, 25]},
			"faces": {
				"north": {"uv": [6, 7, 7, 9], "texture": "#6"},
				"east": {"uv": [4, 6, 10, 8], "texture": "#6"},
				"south": {"uv": [6, 6, 7, 8], "texture": "#6"},
				"west": {"uv": [5, 5, 11, 7], "texture": "#6"},
				"up": {"uv": [7, 5, 8, 11], "texture": "#6"},
				"down": {"uv": [8, 5, 9, 11], "texture": "#6"}
			}
		},
		{
			"from": [5, 3, 3],
			"to": [11, 18, 4],
			"rotation": {"angle": 0, "axis": "y", "origin": [13, 8, 16]},
			"faces": {
				"north": {"uv": [6, 7, 7, 9], "texture": "#6"},
				"east": {"uv": [4, 6, 10, 8], "texture": "#6"},
				"south": {"uv": [6, 6, 7, 8], "texture": "#6"},
				"west": {"uv": [5, 5, 11, 7], "texture": "#6"},
				"up": {"uv": [7, 5, 8, 11], "texture": "#6"},
				"down": {"uv": [8, 5, 9, 11], "texture": "#6"}
			}
		},
		{
			"from": [4, 3, 11],
			"to": [5, 18, 12],
			"rotation": {"angle": 0, "axis": "y", "origin": [12, 8, 24]},
			"faces": {
				"north": {"uv": [6, 7, 7, 9], "texture": "#6"},
				"east": {"uv": [4, 6, 10, 8], "texture": "#6"},
				"south": {"uv": [6, 6, 7, 8], "texture": "#6"},
				"west": {"uv": [5, 5, 11, 7], "texture": "#6"},
				"up": {"uv": [7, 5, 8, 11], "texture": "#6"},
				"down": {"uv": [8, 5, 9, 11], "texture": "#6"}
			}
		},
		{
			"from": [11, 3, 11],
			"to": [12, 18, 12],
			"rotation": {"angle": 0, "axis": "y", "origin": [19, 8, 24]},
			"faces": {
				"north": {"uv": [6, 7, 7, 9], "texture": "#6"},
				"east": {"uv": [4, 6, 10, 8], "texture": "#6"},
				"south": {"uv": [6, 6, 7, 8], "texture": "#6"},
				"west": {"uv": [5, 5, 11, 7], "texture": "#6"},
				"up": {"uv": [7, 5, 8, 11], "texture": "#6"},
				"down": {"uv": [8, 5, 9, 11], "texture": "#6"}
			}
		},
		{
			"from": [11, 3, 4],
			"to": [12, 18, 5],
			"rotation": {"angle": 0, "axis": "y", "origin": [19, 8, 17]},
			"faces": {
				"north": {"uv": [6, 7, 7, 9], "texture": "#6"},
				"east": {"uv": [4, 6, 10, 8], "texture": "#6"},
				"south": {"uv": [6, 6, 7, 8], "texture": "#6"},
				"west": {"uv": [5, 5, 11, 7], "texture": "#6"},
				"up": {"uv": [7, 5, 8, 11], "texture": "#6"},
				"down": {"uv": [8, 5, 9, 11], "texture": "#6"}
			}
		},
		{
			"from": [4, 3, 4],
			"to": [5, 18, 5],
			"rotation": {"angle": 0, "axis": "y", "origin": [12, 8, 17]},
			"faces": {
				"north": {"uv": [6, 7, 7, 9], "texture": "#6"},
				"east": {"uv": [4, 6, 10, 8], "texture": "#6"},
				"south": {"uv": [6, 6, 7, 8], "texture": "#6"},
				"west": {"uv": [5, 5, 11, 7], "texture": "#6"},
				"up": {"uv": [7, 5, 8, 11], "texture": "#6"},
				"down": {"uv": [8, 5, 9, 11], "texture": "#6"}
			}
		},
		{
			"from": [4, 17, 5],
			"to": [5, 18, 11],
			"rotation": {"angle": 0, "axis": "y", "origin": [12, 25, 16]},
			"faces": {
				"north": {"uv": [6, 7, 7, 9], "texture": "#6"},
				"east": {"uv": [4, 6, 10, 8], "texture": "#6"},
				"south": {"uv": [6, 6, 7, 8], "texture": "#6"},
				"west": {"uv": [5, 5, 11, 7], "texture": "#6"},
				"up": {"uv": [7, 5, 8, 11], "texture": "#6"},
				"down": {"uv": [8, 5, 9, 11], "texture": "#6"}
			}
		},
		{
			"from": [5, 17, 11],
			"to": [11, 18, 12],
			"rotation": {"angle": 0, "axis": "y", "origin": [18, 25, 22]},
			"faces": {
				"north": {"uv": [6, 7, 7, 9], "texture": "#6"},
				"east": {"uv": [4, 6, 10, 8], "texture": "#6"},
				"south": {"uv": [6, 6, 7, 8], "texture": "#6"},
				"west": {"uv": [5, 5, 11, 7], "texture": "#6"},
				"up": {"uv": [7, 5, 8, 11], "texture": "#6"},
				"down": {"uv": [8, 5, 9, 11], "texture": "#6"}
			}
		},
		{
			"from": [5, 17, 4],
			"to": [11, 18, 5],
			"rotation": {"angle": 0, "axis": "y", "origin": [18, 25, 15]},
			"faces": {
				"north": {"uv": [6, 7, 7, 9], "texture": "#6"},
				"east": {"uv": [4, 6, 10, 8], "texture": "#6"},
				"south": {"uv": [6, 6, 7, 8], "texture": "#6"},
				"west": {"uv": [5, 5, 11, 7], "texture": "#6"},
				"up": {"uv": [7, 5, 8, 11], "texture": "#6"},
				"down": {"uv": [8, 5, 9, 11], "texture": "#6"}
			}
		},
		{
			"from": [11, 17, 5],
			"to": [12, 18, 11],
			"rotation": {"angle": 0, "axis": "y", "origin": [19, 25, 16]},
			"faces": {
				"north": {"uv": [6, 7, 7, 9], "texture": "#6"},
				"east": {"uv": [4, 6, 10, 8], "texture": "#6"},
				"south": {"uv": [6, 6, 7, 8], "texture": "#6"},
				"west": {"uv": [5, 5, 11, 7], "texture": "#6"},
				"up": {"uv": [7, 5, 8, 11], "texture": "#6"},
				"down": {"uv": [8, 5, 9, 11], "texture": "#6"}
			}
		},
		{
			"from": [12, 20, 6],
			"to": [13, 22, 10],
			"rotation": {"angle": 0, "axis": "y", "origin": [20, 28, 17]},
			"faces": {
				"north": {"uv": [0, 0, 1, 2], "texture": "#0"},
				"east": {"uv": [0, 0, 4, 2], "texture": "#0"},
				"south": {"uv": [0, 0, 1, 2], "texture": "#0"},
				"west": {"uv": [0, 0, 4, 2], "texture": "#0"},
				"up": {"uv": [0, 0, 1, 4], "texture": "#0"},
				"down": {"uv": [0, 0, 1, 4], "texture": "#0"}
			}
		},
		{
			"from": [4, 20, 4],
			"to": [12, 22, 12],
			"rotation": {"angle": 0, "axis": "y", "origin": [15, 28, 18]},
			"faces": {
				"north": {"uv": [0, 0, 8, 2], "texture": "#0"},
				"east": {"uv": [0, 0, 8, 2], "texture": "#0"},
				"south": {"uv": [0, 0, 8, 2], "texture": "#0"},
				"west": {"uv": [0, 0, 8, 2], "texture": "#0"},
				"up": {"uv": [0, 0, 8, 8], "texture": "#0"},
				"down": {"uv": [0, 0, 8, 8], "texture": "#0"}
			}
		},
		{
			"from": [3, 20, 6],
			"to": [4, 22, 10],
			"rotation": {"angle": 0, "axis": "y", "origin": [11, 28, 15]},
			"faces": {
				"north": {"uv": [0, 0, 1, 2], "texture": "#0"},
				"east": {"uv": [0, 0, 4, 2], "texture": "#0"},
				"south": {"uv": [0, 0, 1, 2], "texture": "#0"},
				"west": {"uv": [0, 0, 4, 2], "texture": "#0"},
				"up": {"uv": [0, 0, 1, 4], "texture": "#0"},
				"down": {"uv": [0, 0, 1, 4], "texture": "#0"}
			}
		},
		{
			"from": [6, 20, 3],
			"to": [10, 22, 4],
			"rotation": {"angle": 0, "axis": "y", "origin": [16, 28, 11]},
			"faces": {
				"north": {"uv": [0, 0, 4, 2], "texture": "#0"},
				"east": {"uv": [0, 0, 1, 2], "texture": "#0"},
				"south": {"uv": [0, 0, 4, 2], "texture": "#0"},
				"west": {"uv": [0, 0, 1, 2], "texture": "#0"},
				"up": {"uv": [0, 0, 4, 1], "texture": "#0"},
				"down": {"uv": [0, 0, 4, 1], "texture": "#0"}
			}
		},
		{
			"from": [6, 20, 12],
			"to": [10, 22, 13],
			"rotation": {"angle": 0, "axis": "y", "origin": [15, 28, 20]},
			"faces": {
				"north": {"uv": [0, 0, 4, 2], "texture": "#0"},
				"east": {"uv": [0, 0, 1, 2], "texture": "#0"},
				"south": {"uv": [0, 0, 4, 2], "texture": "#0"},
				"west": {"uv": [0, 0, 1, 2], "texture": "#0"},
				"up": {"uv": [0, 0, 4, 1], "texture": "#0"},
				"down": {"uv": [0, 0, 4, 1], "texture": "#0"}
			}
		},
		{
			"from": [4, 0, 4],
			"to": [12, 2, 12],
			"rotation": {"angle": 0, "axis": "y", "origin": [12, 8, 11]},
			"faces": {
				"north": {"uv": [0, 0, 8, 2], "texture": "#0"},
				"east": {"uv": [0, 0, 8, 2], "texture": "#0"},
				"south": {"uv": [0, 0, 8, 2], "texture": "#0"},
				"west": {"uv": [0, 0, 8, 2], "texture": "#0"},
				"up": {"uv": [0, 0, 8, 8], "texture": "#0"},
				"down": {"uv": [0, 0, 8, 8], "texture": "#0"}
			}
		},
		{
			"from": [5, 0, 3],
			"to": [11, 3, 4],
			"rotation": {"angle": 0, "axis": "y", "origin": [13, 8, 11]},
			"faces": {
				"north": {"uv": [0, 0, 6, 3], "texture": "#0"},
				"east": {"uv": [0, 0, 1, 3], "texture": "#0"},
				"south": {"uv": [0, 0, 6, 3], "texture": "#0"},
				"west": {"uv": [0, 0, 1, 3], "texture": "#0"},
				"up": {"uv": [0, 0, 6, 1], "texture": "#0"},
				"down": {"uv": [0, 0, 6, 1], "texture": "#0"}
			}
		},
		{
			"from": [4, 2, 4],
			"to": [5, 3, 5],
			"rotation": {"angle": 0, "axis": "y", "origin": [12, 10, 12]},
			"faces": {
				"north": {"uv": [0, 0, 1, 1], "texture": "#0"},
				"east": {"uv": [0, 0, 1, 1], "texture": "#0"},
				"south": {"uv": [0, 0, 1, 1], "texture": "#0"},
				"west": {"uv": [0, 0, 1, 1], "texture": "#0"},
				"up": {"uv": [0, 0, 1, 1], "texture": "#0"},
				"down": {"uv": [0, 0, 1, 1], "texture": "#0"}
			}
		},
		{
			"from": [5, 0, 12],
			"to": [11, 3, 13],
			"rotation": {"angle": 0, "axis": "y", "origin": [13, 8, 20]},
			"faces": {
				"north": {"uv": [0, 0, 6, 3], "texture": "#0"},
				"east": {"uv": [0, 0, 1, 3], "texture": "#0"},
				"south": {"uv": [0, 0, 6, 3], "texture": "#0"},
				"west": {"uv": [0, 0, 1, 3], "texture": "#0"},
				"up": {"uv": [0, 0, 6, 1], "texture": "#0"},
				"down": {"uv": [0, 0, 6, 1], "texture": "#0"}
			}
		},
		{
			"from": [12, 0, 5],
			"to": [13, 3, 11],
			"rotation": {"angle": 0, "axis": "y", "origin": [19, 8, 8]},
			"faces": {
				"north": {"uv": [0, 0, 1, 3], "texture": "#0"},
				"east": {"uv": [0, 0, 6, 3], "texture": "#0"},
				"south": {"uv": [0, 0, 1, 3], "texture": "#0"},
				"west": {"uv": [0, 0, 6, 3], "texture": "#0"},
				"up": {"uv": [0, 0, 1, 6], "texture": "#0"},
				"down": {"uv": [0, 0, 1, 6], "texture": "#0"}
			}
		},
		{
			"from": [3, 0, 5],
			"to": [4, 3, 11],
			"rotation": {"angle": 0, "axis": "y", "origin": [11, 8, 13]},
			"faces": {
				"north": {"uv": [0, 0, 1, 3], "texture": "#0"},
				"east": {"uv": [0, 0, 6, 3], "texture": "#0"},
				"south": {"uv": [0, 0, 1, 3], "texture": "#0"},
				"west": {"uv": [0, 0, 6, 3], "texture": "#0"},
				"up": {"uv": [0, 0, 1, 6], "texture": "#0"},
				"down": {"uv": [0, 0, 1, 6], "texture": "#0"}
			}
		},
		{
			"from": [4, 2, 11],
			"to": [5, 3, 12],
			"rotation": {"angle": 0, "axis": "y", "origin": [12, 10, 19]},
			"faces": {
				"north": {"uv": [0, 0, 1, 1], "texture": "#0"},
				"east": {"uv": [0, 0, 1, 1], "texture": "#0"},
				"south": {"uv": [0, 0, 1, 1], "texture": "#0"},
				"west": {"uv": [0, 0, 1, 1], "texture": "#0"},
				"up": {"uv": [0, 0, 1, 1], "texture": "#0"},
				"down": {"uv": [0, 0, 1, 1], "texture": "#0"}
			}
		},
		{
			"from": [11, 2, 4],
			"to": [12, 3, 5],
			"rotation": {"angle": 0, "axis": "y", "origin": [19, 10, 12]},
			"faces": {
				"north": {"uv": [0, 0, 1, 1], "texture": "#0"},
				"east": {"uv": [0, 0, 1, 1], "texture": "#0"},
				"south": {"uv": [0, 0, 1, 1], "texture": "#0"},
				"west": {"uv": [0, 0, 1, 1], "texture": "#0"},
				"up": {"uv": [0, 0, 1, 1], "texture": "#0"},
				"down": {"uv": [0, 0, 1, 1], "texture": "#0"}
			}
		},
		{
			"from": [11, 2, 11],
			"to": [12, 3, 12],
			"rotation": {"angle": 0, "axis": "y", "origin": [19, 10, 19]},
			"faces": {
				"north": {"uv": [0, 0, 1, 1], "texture": "#0"},
				"east": {"uv": [0, 0, 1, 1], "texture": "#0"},
				"south": {"uv": [0, 0, 1, 1], "texture": "#0"},
				"west": {"uv": [0, 0, 1, 1], "texture": "#0"},
				"up": {"uv": [0, 0, 1, 1], "texture": "#0"},
				"down": {"uv": [0, 0, 1, 1], "texture": "#0"}
			}
		},
		{
			"from": [5, 22, 5],
			"to": [11, 23, 11],
			"rotation": {"angle": 0, "axis": "y", "origin": [13, 30, 16]},
			"faces": {
				"north": {"uv": [0, 0, 6, 1], "texture": "#1"},
				"east": {"uv": [0, 0, 6, 1], "texture": "#1"},
				"south": {"uv": [0, 0, 6, 1], "texture": "#1"},
				"west": {"uv": [0, 0, 6, 1], "texture": "#1"},
				"up": {"uv": [0, 0, 6, 6], "texture": "#1"},
				"down": {"uv": [0, 0, 6, 6], "texture": "#1"}
			}
		},
		{
			"from": [6, 23, 6],
			"to": [10, 26, 10],
			"rotation": {"angle": 0, "axis": "y", "origin": [14, 31, 14]},
			"faces": {
				"north": {"uv": [0, 0, 4, 3], "texture": "#1"},
				"east": {"uv": [0, 0, 4, 3], "texture": "#1"},
				"south": {"uv": [0, 0, 4, 3], "texture": "#1"},
				"west": {"uv": [0, 0, 4, 3], "texture": "#1"},
				"up": {"uv": [0, 0, 4, 4], "texture": "#1"},
				"down": {"uv": [0, 0, 4, 4], "texture": "#1"}
			}
		},
		{
			"from": [7, 26, 7],
			"to": [9, 30, 9],
			"rotation": {"angle": 0, "axis": "y", "origin": [15, 34, 15]},
			"faces": {
				"north": {"uv": [0, 0, 2, 4], "texture": "#1"},
				"east": {"uv": [0, 0, 2, 4], "texture": "#1"},
				"south": {"uv": [0, 0, 2, 4], "texture": "#1"},
				"west": {"uv": [0, 0, 2, 4], "texture": "#1"},
				"up": {"uv": [0, 0, 2, 2], "texture": "#1"},
				"down": {"uv": [0, 0, 2, 2], "texture": "#1"}
			}
		},
		{
			"from": [11, 2, 5],
			"to": [12, 17, 11],
			"rotation": {"angle": 0, "axis": "y", "origin": [15, 8, 15]},
			"faces": {
				"north": {"uv": [9, 6, 10, 12], "texture": "#8"},
				"east": {"uv": [9, 6, 10, 12], "texture": "#8"},
				"south": {"uv": [9, 6, 10, 12], "texture": "#8"},
				"west": {"uv": [9, 6, 10, 12], "texture": "#8"},
				"up": {"uv": [9, 6, 10, 12], "texture": "#8"},
				"down": {"uv": [9, 6, 10, 12], "texture": "#8"}
			}
		},
		{
			"from": [5, 2, 4],
			"to": [11, 17, 5],
			"rotation": {"angle": 0, "axis": "y", "origin": [15, 8, 15]},
			"faces": {
				"north": {"uv": [9, 6, 10, 12], "texture": "#8"},
				"east": {"uv": [9, 6, 10, 12], "texture": "#8"},
				"south": {"uv": [9, 6, 10, 12], "texture": "#8"},
				"west": {"uv": [9, 6, 10, 12], "texture": "#8"},
				"up": {"uv": [9, 6, 10, 12], "texture": "#8"},
				"down": {"uv": [9, 6, 10, 12], "texture": "#8"}
			}
		},
		{
			"from": [4, 2, 5],
			"to": [5, 17, 11],
			"rotation": {"angle": 0, "axis": "y", "origin": [15, 8, 15]},
			"faces": {
				"north": {"uv": [9, 6, 10, 12], "texture": "#8"},
				"east": {"uv": [9, 6, 10, 12], "texture": "#8"},
				"south": {"uv": [9, 6, 10, 12], "texture": "#8"},
				"west": {"uv": [9, 6, 10, 12], "texture": "#8"},
				"up": {"uv": [9, 6, 10, 12], "texture": "#8"},
				"down": {"uv": [9, 6, 10, 12], "texture": "#8"}
			}
		},
		{
			"from": [5, 2, 5],
			"to": [11, 17, 12],
			"rotation": {"angle": 0, "axis": "y", "origin": [15, 8, 15]},
			"faces": {
				"north": {"uv": [9, 6, 10, 12], "texture": "#8"},
				"east": {"uv": [9, 6, 10, 12], "texture": "#8"},
				"south": {"uv": [9, 6, 10, 12], "texture": "#8"},
				"west": {"uv": [9, 6, 10, 12], "texture": "#8"},
				"up": {"uv": [9, 6, 10, 12], "texture": "#8"},
				"down": {"uv": [9, 6, 10, 12], "texture": "#8"}
			}
		}
	],
	"display": {
		"thirdperson_righthand": {
			"translation": [0, -1.75, -0.75],
			"scale": [0.2, 0.2, 0.2]
		},
		"thirdperson_lefthand": {
			"translation": [0, -1.75, -0.75],
			"scale": [0.2, 0.2, 0.2]
		},
		"firstperson_righthand": {
			"scale": [0.2, 0.2, 0.2]
		},
		"firstperson_lefthand": {
			"scale": [0.2, 0.2, 0.2]
		},
		"ground": {
			"scale": [0.2, 0.2, 0.2]
		},
		"gui": {
			"rotation": [0, 0, -44],
			"translation": [-2, -2, 1.25],
			"scale": [-0.49, 0.56, -0.63]
		},
		"head": {
			"scale": [0.2, 0.2, 0.2]
		},
		"fixed": {
			"scale": [0.2, 0.2, 0.2]
		}
	},
	"groups": [
		{
			"name": "glass",
			"origin": [8, 8, 8],
			"children": [0, 1, 2, 3, 4, 5, 6, 7, 8, 9, 10, 11, 12, 13, 14, 15]
		},
		{
			"name": "pink",
			"origin": [8, 8, 8],
			"children": [16, 17, 18, 19, 20, 21, 22, 23, 24, 25, 26, 27, 28, 29]
		},
		{
			"name": "teet",
			"origin": [8, 8, 8],
			"children": [30, 31, 32]
		},
		{
			"name": "Water",
			"origin": [8, 8, 8],
			"children": [33, 34, 35, 36]
		}
	]
}